{
  "ARIMA": {
    "RMSE": 19.463160922310987,
    "MAPE_pct": 11.093985988391156
  },
  "Prophet": {
    "RMSE": 22.24377945913599,
    "MAPE_pct": 12.705874378201845
  }
}